dis,ref,mos,pred
img2.bmp,studentsculpture.bmp,15.512954417537026,29.501986659670365
img3.bmp,rapids.bmp,24.09025497677203,42.07607056011693
img4.bmp,dancers.bmp,68.99086164929872,31.352059821352466
img5.bmp,churchandcapitol.bmp,74.39794796497739,42.07984096535316
img6.bmp,dancers.bmp,69.2292141708657,31.481860102542367
img7.bmp,churchandcapitol.bmp,53.578731920146005,22.731363969761635
